userFromName,userFromId,userToId,userToName
premkumar15814,7.970111967297618e+17,52875461.0,igtamil
harip95b,936157638.0,52875461.0,igtamil
raagadotcom,24103864.0,52875461.0,igtamil
nameisK7,1.0964552573311345e+18,52875461.0,igtamil
DineshNesh03,7.317651006929633e+17,52875461.0,igtamil
vijayveriyansi1,3767681354.0,52875461.0,igtamil
venkateshtmalai,146451547.0,52875461.0,igtamil
linusnaveen10,3147597475.0,52875461.0,igtamil
Kannan44802236,1.031243738645848e+18,52875461.0,igtamil
Dineshk11007264,1.0125545914502513e+18,52875461.0,igtamil
suthan2709,9.369571929550356e+17,52875461.0,igtamil
0b901f3830af400,3097308836.0,52875461.0,igtamil
Y_o_u_n_u__s,2239627601.0,52875461.0,igtamil
Aravind08035500,1.0097638909414769e+18,52875461.0,igtamil
afridheenn,1.0488770998580593e+18,52875461.0,igtamil
yogeshkumarm4,7.666248385888993e+17,52875461.0,igtamil
sathishsrivats,56718795.0,52875461.0,igtamil
mst_siva,1.0721706714325811e+18,52875461.0,igtamil
LSVinothKumar1,9.032511430519767e+17,52875461.0,igtamil
TrinityMirrorT1,1.0072572155545559e+18,52875461.0,igtamil
AntonyR45845553,1.0982806045445939e+18,52875461.0,igtamil
Ruban67295144,1.1079577563491779e+18,24103864.0,raagadotcom
igtelugu,52877595.0,24103864.0,raagadotcom
premkum37742885,8.724743998567465e+17,24103864.0,raagadotcom
igtamil,52875461.0,24103864.0,raagadotcom
igtamil,52875461.0,52877595.0,igtelugu
raagadotcom,24103864.0,52877595.0,igtelugu
punitpatel12345,7.973545954838651e+17,8.02432800506966e+17,jena_jeevan
soumibanerjee27,4405656792.0,183525046.0,Cricrajeshpk
followTheGupta,8.535032963629957e+17,2791627187.0,PratibhaGYadav
Devanginee,9.091194656981647e+17,1.0767322000059802e+18,Monu_17
Star_roseR,9.098690216249098e+17,1.0767322000059802e+18,Monu_17
Devanginee,9.091194656981647e+17,9.098690216249098e+17,Star_roseR
Monu_17,1.0767322000059802e+18,9.098690216249098e+17,Star_roseR
manishpaal,2439896953.0,1.035185799766016e+18,suniltiwari400
Star_roseR,9.098690216249098e+17,9.091194656981647e+17,Devanginee
Monu_17,1.0767322000059802e+18,9.091194656981647e+17,Devanginee
selvam_murali,2439414913.0,3767681354.0,vijayveriyansi1
Kannan44802236,1.031243738645848e+18,1.0125545914502513e+18,Dineshk11007264
jena_jeevan,8.02432800506966e+17,7.973545954838651e+17,punitpatel12345
PratibhaGYadav,2791627187.0,8.535032963629957e+17,followTheGupta
suniltiwari400,1.035185799766016e+18,2439896953.0,manishpaal
